{
  "m_Version": 6,
  "m_DisplayName": "Kamenka Boats Trading Zone",
  "Position": [
    1756.0999755859375,
    2.200000047683716,
    2025.469970703125
  ],
  "Radius": 100,
  "BuyPricePercent": 100,
  "SellPricePercent": -1,
  "Stock": {}
}